-- 插入完整的範例資料

-- 清空現有資料（按照外鍵依賴順序）
DELETE FROM notifications;
DELETE FROM user_privacy;
DELETE FROM connections;
DELETE FROM photos;
DELETE FROM albums;
DELETE FROM paper_authors;
DELETE FROM papers;
DELETE FROM forum_replies;
DELETE FROM forum_posts;
DELETE FROM event_registrations;
DELETE FROM events;
DELETE FROM class_members;
DELETE FROM classes;
DELETE FROM forum_categories;
DELETE FROM users;

-- 插入測試用戶
INSERT INTO users (id, email, name, avatar_url, phone, company, job_title, graduation_year, location, website, bio, skills, interests) VALUES
('11111111-1111-1111-1111-111111111111', 'admin@中山大學EMBA.edu.tw', '系統管理員', '/business-executive.png', '02-12345678', '台灣大學', '系統管理員', 2020, '台北市', 'https://admin.中山大學EMBA.edu.tw', '負責系統維護與管理', ARRAY['系統管理', '資料庫', '網路安全'], ARRAY['科技', '管理']),
('22222222-2222-2222-2222-222222222222', 'wang.ming@example.com', '王小明', '/startup-founder.png', '0912-345-678', '創新科技公司', 'CEO', 2021, '台北市', 'https://innovate.com.tw', '專注於數位轉型與創新技術的應用', ARRAY['創業', '數位轉型', '策略規劃'], ARRAY['創業', '科技', '投資']),
('33333333-3333-3333-3333-333333333333', 'li.mei@example.com', '李美玲', '/business-executive.png', '0923-456-789', '金融投資集團', '投資總監', 2019, '台北市', 'https://finance.com.tw', '具有豐富的投資經驗與財務分析專業', ARRAY['金融分析', '投資策略', 'ESG'], ARRAY['投資', '財經', '永續']),
('44444444-4444-4444-4444-444444444444', 'zhang.hua@example.com', '張志華', '/placeholder-fqpq1.png', '0934-567-890', '管理顧問公司', '資深顧問', 2020, '新竹市', 'https://consulting.com.tw', '專精於企業管理與營運優化', ARRAY['管理顧問', '流程優化', '專案管理'], ARRAY['管理', '顧問', '教育']),
('55555555-5555-5555-5555-555555555555', 'chen.jia@example.com', '陳佳琪', '/startup-presentation.png', '0945-678-901', '綠能科技', '研發經理', 2022, '台中市', 'https://greentech.com.tw', '致力於永續科技的研發與推廣', ARRAY['永續發展', '研發管理', '綠色科技'], ARRAY['環保', '科技', '研發']);

-- 插入論壇分類
INSERT INTO forum_categories (id, name, description, color) VALUES
('aaaaaaaa-aaaa-aaaa-aaaa-aaaaaaaaaaaa', '商業策略', '企業策略規劃與執行相關討論', 'bg-blue-100 text-blue-800'),
('bbbbbbbb-bbbb-bbbb-bbbb-bbbbbbbbbbbb', '金融投資', '投資理財與金融市場分析', 'bg-green-100 text-green-800'),
('cccccccc-cccc-cccc-cccc-cccccccccccc', '科技創新', '新興科技與數位轉型', 'bg-purple-100 text-purple-800'),
('dddddddd-dddd-dddd-dddd-dddddddddddd', '人力資源', '人才管理與組織發展', 'bg-orange-100 text-orange-800'),
('eeeeeeee-eeee-eeee-eeee-eeeeeeeeeeee', '行銷管理', '品牌行銷與市場策略', 'bg-pink-100 text-pink-800'),
('ffffffff-ffff-ffff-ffff-ffffffffffff', '永續經營', 'ESG與企業社會責任', 'bg-emerald-100 text-emerald-800');

-- 插入班級資料
INSERT INTO classes (id, year, name, description) VALUES
('c1111111-1111-1111-1111-111111111111', 2024, '中山大學EMBA 2024級', '2024年入學的中山大學EMBA學員'),
('c2222222-2222-2222-2222-222222222222', 2023, '中山大學EMBA 2023級', '2023年入學的中山大學EMBA學員'),
('c3333333-3333-3333-3333-333333333333', 2022, '中山大學EMBA 2022級', '2022年入學的中山大學EMBA學員'),
('c4444444-4444-4444-4444-444444444444', 2021, '中山大學EMBA 2021級', '2021年入學的中山大學EMBA學員'),
('c5555555-5555-5555-5555-555555555555', 2020, '中山大學EMBA 2020級', '2020年入學的中山大學EMBA學員');

-- 插入活動資料
INSERT INTO events (id, title, description, date, time, location, max_attendees, price, category, status, image_url, created_by) VALUES
('e1111111-1111-1111-1111-111111111111', '2024年度校友聚會', '年度盛會即將舉行，歡迎所有校友踴躍參與，分享一年來的成就與經驗', '2024-12-15', '18:00-22:00', '台北君悅酒店', 200, 1500, '聚會', '報名中', '/elegant-ballroom-event.png', '11111111-1111-1111-1111-111111111111'),
('e2222222-2222-2222-2222-222222222222', 'CEO論壇：數位轉型策略', '邀請各界成功企業家分享數位轉型的實戰經驗與成功心法', '2024-12-20', '14:00-17:00', '台北世貿展覽館', 300, 2000, '論壇', '報名中', '/modern-conference-ai.png', '22222222-2222-2222-2222-222222222222'),
('e3333333-3333-3333-3333-333333333333', '高爾夫友誼賽', '在美麗的球場上與同窗好友切磋球技，享受輕鬆愉快的運動時光', '2024-12-28', '08:00-12:00', '林口國際高爾夫球場', 80, 3500, '運動', '報名中', '/golf-course-green.png', '33333333-3333-3333-3333-333333333333'),
('e4444444-4444-4444-4444-444444444444', 'AI時代的商業轉型論壇', '探討人工智慧如何改變商業模式，邀請業界專家分享實戰經驗', '2024-11-28', '14:00-17:00', '台大管理學院', 120, 800, '講座', '已結束', '/modern-conference-ai.png', '44444444-4444-4444-4444-444444444444'),
('e5555555-5555-5555-5555-555555555555', '創業經驗分享會', '成功創業校友分享創業歷程，提供寶貴經驗與建議', '2024-11-10', '19:00-21:00', '信義區創業基地', 80, 0, '講座', '已結束', '/startup-presentation.png', '55555555-5555-5555-5555-555555555555');

-- 插入活動報名資料
INSERT INTO event_registrations (event_id, user_id, payment_status) VALUES
('e1111111-1111-1111-1111-111111111111', '22222222-2222-2222-2222-222222222222', 'completed'),
('e1111111-1111-1111-1111-111111111111', '33333333-3333-3333-3333-333333333333', 'completed'),
('e1111111-1111-1111-1111-111111111111', '44444444-4444-4444-4444-444444444444', 'pending'),
('e2222222-2222-2222-2222-222222222222', '33333333-3333-3333-3333-333333333333', 'completed'),
('e2222222-2222-2222-2222-222222222222', '55555555-5555-5555-5555-555555555555', 'completed'),
('e3333333-3333-3333-3333-333333333333', '22222222-2222-2222-2222-222222222222', 'pending');

-- 插入論壇文章
INSERT INTO forum_posts (id, title, content, category_id, author_id, tags, is_hot, views, likes) VALUES
('f1111111-1111-1111-1111-111111111111', '☕ 分享我的咖啡店創業小故事', '從一個小小的夢想開始，到現在擁有自己的溫馨咖啡店，想和大家分享這段充滿挑戰但也很溫暖的旅程。當初只是因為對咖啡的熱愛，決定辭掉穩定的工作，投入這個充滿變數的行業...', 'aaaaaaaa-aaaa-aaaa-aaaa-aaaaaaaaaaaa', '22222222-2222-2222-2222-222222222222', ARRAY['咖啡', '創業', '夢想'], true, 234, 45),
('f2222222-2222-2222-2222-222222222222', '🌱 永續生活的小小實踐', '最近開始嘗試零廢棄生活，發現其實有很多簡單的方法可以讓生活更環保，想和大家一起分享。從改變購物習慣開始，到重新思考消費模式，每個小改變都能為地球帶來正面影響...', 'ffffffff-ffff-ffff-ffff-ffffffffffff', '55555555-5555-5555-5555-555555555555', ARRAY['環保', '永續', '生活'], false, 156, 28),
('f3333333-3333-3333-3333-333333333333', '📚 推薦幾本改變我人生的書', '閱讀真的可以改變一個人的視野，這些書陪伴我度過了很多困難的時光，也給了我很多啟發。每一本書都像是一位智慧的導師，在不同的人生階段給予指引...', 'aaaaaaaa-aaaa-aaaa-aaaa-aaaaaaaaaaaa', '44444444-4444-4444-4444-444444444444', ARRAY['閱讀', '成長', '推薦'], true, 189, 32),
('f4444444-4444-4444-4444-444444444444', '💼 數位轉型的實戰心得', '在幫助企業進行數位轉型的過程中，發現成功的關鍵不只是技術，更重要的是人的思維轉變。分享一些實際案例和心得，希望對同樣面臨轉型挑戰的朋友有幫助...', 'cccccccc-cccc-cccc-cccc-cccccccccccc', '22222222-2222-2222-2222-222222222222', ARRAY['數位轉型', '管理', '策略'], false, 98, 15),
('f5555555-5555-5555-5555-555555555555', '📈 ESG投資的新趨勢', '隨著永續意識抬頭，ESG投資已成為不可忽視的趨勢。分析近期的市場變化和投資機會，以及如何評估企業的ESG表現...', 'bbbbbbbb-bbbb-bbbb-bbbb-bbbbbbbbbbbb', '33333333-3333-3333-3333-333333333333', ARRAY['ESG', '投資', '永續'], true, 167, 22);

-- 插入論文資料
INSERT INTO papers (id, title, abstract, category, keywords, journal, publish_date, pages, is_open_access, allow_comments, status, downloads, views, likes, rating, created_by) VALUES
('ba111111-1111-1111-1111-111111111111', '數位轉型時代的小企業管理策略', '本研究探討在數位化浪潮下，小企業如何運用創新的管理方法來保持競爭優勢。透過深度訪談與案例分析，我們發現成功的小企業往往能夠在保持人情味的同時，有效整合數位工具來提升營運效率...', '商業策略', ARRAY['數位轉型', '小企業管理', '競爭策略', '創新'], '管理學報', '2024-10-15', 45, true, true, '已發表', 234, 1567, 89, 4.8, '22222222-2222-2222-2222-222222222222'),
('ba222222-2222-2222-2222-222222222222', 'ESG投資策略對企業永續發展的影響', '隨著環境、社會與治理(ESG)議題日益受到重視，本研究分析ESG投資策略如何影響企業的長期永續發展。透過對台灣上市公司的實證研究，發現採用ESG投資原則的企業在財務績效與社會責任方面都有顯著改善...', '金融投資', ARRAY['ESG', '永續發展', '投資策略', '企業績效'], '財務金融學刊', '2024-09-28', 38, false, true, '已發表', 189, 1234, 67, 4.6, '33333333-3333-3333-3333-333333333333'),
('ba333333-3333-3333-3333-333333333333', '人工智慧在人力資源管理中的應用與挑戰', '本研究探討人工智慧技術在人力資源管理領域的應用現況與未來發展。透過文獻回顧與專家訪談，分析AI在招聘、培訓、績效評估等HR流程中的優勢與限制，並提出人性化AI應用的建議框架...', '科技創新', ARRAY['人工智慧', '人力資源', '數位化', '人性化管理'], '科技管理學刊', '2024-11-05', 52, true, true, '已發表', 312, 2145, 124, 4.9, '44444444-4444-4444-4444-444444444444');

-- 插入論文作者資料
INSERT INTO paper_authors (paper_id, user_id, name, email, affiliation, is_primary, order_index) VALUES
('ba111111-1111-1111-1111-111111111111', '22222222-2222-2222-2222-222222222222', '王小明', 'wang.ming@example.com', '台灣大學商學院', true, 1),
('ba111111-1111-1111-1111-111111111111', '33333333-3333-3333-3333-333333333333', '李美玲', 'li.mei@example.com', '政治大學企管系', false, 2),
('ba111111-1111-1111-1111-111111111111', '44444444-4444-4444-4444-444444444444', '張志華', 'zhang.hua@example.com', '中山大學管理學院', false, 3),
('ba222222-2222-2222-2222-222222222222', '33333333-3333-3333-3333-333333333333', '李美玲', 'li.mei@example.com', '清華大學經濟系', true, 1),
('ba222222-2222-2222-2222-222222222222', '44444444-4444-4444-4444-444444444444', '張志華', 'zhang.hua@example.com', '交通大學管理科學系', false, 2),
('ba333333-3333-3333-3333-333333333333', '44444444-4444-4444-4444-444444444444', '張志華', 'zhang.hua@example.com', '成功大學資訊管理系', true, 1),
('ba333333-3333-3333-3333-333333333333', '55555555-5555-5555-5555-555555555555', '陳佳琪', 'chen.jia@example.com', '中央大學人力資源管理研究所', false, 2);

-- 插入相簿資料
INSERT INTO albums (id, title, description, event_id, created_by, is_public) VALUES
('a1111111-1111-1111-1111-111111111111', '2024年度校友聚會', '年度盛會精彩照片', 'e1111111-1111-1111-1111-111111111111', '11111111-1111-1111-1111-111111111111', true),
('a2222222-2222-2222-2222-222222222222', 'CEO論壇：數位轉型策略', '論壇活動記錄', 'e2222222-2222-2222-2222-222222222222', '11111111-1111-1111-1111-111111111111', true),
('a3333333-3333-3333-3333-333333333333', '高爾夫友誼賽', '球場上的美好時光', 'e3333333-3333-3333-3333-333333333333', '11111111-1111-1111-1111-111111111111', true);

-- 插入照片資料
INSERT INTO photos (album_id, url, caption, uploaded_by) VALUES
('a1111111-1111-1111-1111-111111111111', '/elegant-ballroom-event.png', '開場致詞', '11111111-1111-1111-1111-111111111111'),
('a1111111-1111-1111-1111-111111111111', '/business-executive.png', '校友交流', '11111111-1111-1111-1111-111111111111'),
('a2222222-2222-2222-2222-222222222222', '/modern-conference-ai.png', '專題演講', '11111111-1111-1111-1111-111111111111'),
('a2222222-2222-2222-2222-222222222222', '/startup-presentation.png', '小組討論', '11111111-1111-1111-1111-111111111111'),
('a3333333-3333-3333-3333-333333333333', '/golf-course-green.png', '球場風光', '11111111-1111-1111-1111-111111111111');

-- 插入人脈連結資料
INSERT INTO connections (requester_id, addressee_id, status) VALUES
('22222222-2222-2222-2222-222222222222', '33333333-3333-3333-3333-333333333333', 'accepted'),
('22222222-2222-2222-2222-222222222222', '44444444-4444-4444-4444-444444444444', 'accepted'),
('33333333-3333-3333-3333-333333333333', '44444444-4444-4444-4444-444444444444', 'accepted'),
('33333333-3333-3333-3333-333333333333', '55555555-5555-5555-5555-555555555555', 'pending'),
('44444444-4444-4444-4444-444444444444', '55555555-5555-5555-5555-555555555555', 'accepted');

-- 插入通知資料
INSERT INTO notifications (user_id, type, title, message, data, is_read) VALUES
('22222222-2222-2222-2222-222222222222', 'event_registration', '活動報名成功', '您已成功報名 "2024年度校友聚會"', '{"event_id": "e1111111-1111-1111-1111-111111111111"}', false),
('33333333-3333-3333-3333-333333333333', 'connection_request', '新的連結邀請', '張志華 向您發送了連結邀請', '{"from_user": "44444444-4444-4444-4444-444444444444"}', false),
('44444444-4444-4444-4444-444444444444', 'paper_published', '論文發表成功', '您的論文 "人工智慧在人力資源管理中的應用與挑戰" 已成功發表', '{"paper_id": "ba333333-3333-3333-3333-333333333333"}', true);

-- 插入用戶隱私設定
INSERT INTO user_privacy (user_id, show_email, show_phone, show_company, show_location) VALUES
('11111111-1111-1111-1111-111111111111', true, false, true, true),
('22222222-2222-2222-2222-222222222222', false, false, true, true),
('33333333-3333-3333-3333-333333333333', true, false, true, false),
('44444444-4444-4444-4444-444444444444', false, false, true, true),
('55555555-5555-5555-5555-555555555555', true, true, true, true);
